﻿{
  "configurations": [
    {
      "name": "x64-Release",
      "generator": "Visual Studio 16 2019 Win64",
      "configurationType": "Release",
      "inheritEnvironments": [ "msvc_x64_x64" ],
      "buildRoot": "${env.USERPROFILE}\\CMakeBuilds\\${workspaceHash}\\build\\${name}",
      "installRoot": "${projectDir}\\out\\install\\${name}",
      "cmakeCommandArgs": "-Wno-dev --warn-unused-vars -DDEVBUILD=ON -DCOMPUTE=86",
      "buildCommandArgs": "",
      "ctestCommandArgs": "",
      "variables": []
    }
  ]
}
